{
  "severity": {
    "roc_auc": 0.9999993798026532,
    "f1": 0.9993630573248408,
    "precision": 0.9993630573248408,
    "recall": 0.9993630573248408
  },
  "duration": {
    "mae_hours": 54.39826932633113,
    "rmse_hours": 123.49368026062307,
    "r2": -0.007272598287925813,
    "mae_log": 1.1468194350223413,
    "coverage_80pct": 0.7123152709359606,
    "coverage_50pct": 0.42266009852216746
  },
  "closure": {
    "roc_auc": 0.9996718931763723,
    "f1": 0.9942196531791907,
    "precision": 0.9885057471264368,
    "recall": 1.0,
    "threshold": 0.9696325680088366
  },
  "training_samples": 5576,
  "test_samples": 2597,
  "total_features": 65
}